"Frequency","Product","Product1"
0,-26.854427329834529,-89.703817504355001
200000,116.1778677678295,117.00194115832899
400000,93.826718502772707,94.652692515110189
600000,83.247363226163287,84.07339446312173
800000,79.919708293294377,80.745967454469735
1000000,34.533705861708405,35.363633236364841
1200000,69.347849285441043,70.174156281481515
1400000,61.148265960613493,61.974645970466035
1600000,57.668276013479243,58.494584579154349
1800000,58.774628344638998,59.600990075198652
2000000,16.45886752156294,17.288866853576149
2200000,53.540812987663536,54.367169151199668
2400000,47.090960040556418,47.917352349370447
2600000,45.00336552347737,45.829710265382232
2800000,47.247385273462697,48.073760453278396
3000000,5.8782351986098806,6.7082483192462234
3200000,43.761041624411476,44.587409546863697
3400000,37.997952461505349,38.824345371204025
3600000,36.5052766423766,37.331633982673793
3800000,39.270604033561618,40.096983142823348
4000000,-1.6384963700833723,-0.80847947600515779
4200000,36.653549473339091,37.479922046531577
4400000,31.256980547935544,32.083372794569904
4600000,30.094088976696284,30.920452326005634
4800000,33.158232541450666,33.984613237106849
5000000,-7.4791898895349309,-6.649172769045939
5200000,31.06104235227437,31.8874172394788
5400000,25.892159149038193,26.718550750179677
5600000,24.938634197889741,25.765000879102157
5800000,28.196273430563508,29.022654937200201
6000000,-12.262019294267205,-11.431997353850942
6200000,26.444596734518598,27.270972923737222
6400000,21.430700722346057,22.257092040547324
6600000,20.621719401685745,21.448087955647182
6800000,24.014703310170418,24.841085341807734
7000000,-16.316768262587324,-15.486736985115368
7200000,22.509001225916894,23.335378105778389
7400000,17.607270002024421,18.43366117860154
7600000,16.903937188669364,17.730306570006586
7800000,20.396766950592369,21.223149327115177
8000000,-19.840311199919224,-19.010286930460836
8200000,19.07484637303158,19.901223481581898
8400000,14.257927261393384,15.084319328593651
8600000,13.635068880154051,14.461437323965185
8800000,17.204476751156868,18.030859714828715
9000000,-22.959736520203208,-22.12971307868381
9200000,16.024870317124723,16.851246766476759
9400000,11.274219530232772,12.100617488032189
9600000,10.714612718074932,11.540969674531301
9800000,14.344503282784999,15.170890157482585
10000000,-25.33591094658124,-24.931836353855445
10200000,13.278161911704698,14.10455042654737
10400000,8.5806702104518404,9.4070432099903805
10600000,8.0719219617647191,8.8983080840301767
10800000,11.750762065437,12.57714283539438
11000000,-28.308644451682916,-27.478601298448133
11200000,10.776538682659453,11.602919464781058
11400000,6.1224818151306089,6.9488650022217255
11600000,5.6555417691969625,6.4819213417027104
11800000,9.3746607631668653,10.201042447709014
12000000,-30.645903923306076,-29.815889954475992
12200000,8.4766752471998448,9.3030556780449398
12400000,3.8587416544250264,4.6851264866569933
12600000,3.4266452851409617,4.25302363271157
12800000,7.1794464661602593,8.0058280855049198
13000000,-32.808595895087208,-31.978549260804638
13200000,6.3454517763081881,7.1718313604606667
13400000,1.7579514158429379,2.5843368703625416
13600000,1.3552816567469765,2.1816588959530718
13800000,5.1365904543142173,5.9629727408395805
14000000,-34.823881289773205,-33.993894000904419
14200000,4.3569310259964436,5.1833118114365302
14400000,-0.204646012477054,0.6217406330218016
14600000,-0.58220256095060829,0.24417483150712574
14800000,3.2234808354500428,4.0498638638956024
15000000,-36.713326701739739,-35.883299398990907
15200000,2.490400275000495,3.3167803326526206
15400000,-2.0488973733443809,-1.2225122527526904
15600000,-2.404837406461851,-1.5784608832783988
15800000,1.4218596213866161,2.2482415428781111
16000000,-38.494466889063375,-37.664496672517743
16200000,0.72902298402173238,1.5554027572576188
16400000,-3.7909872395842399,-2.9645998710251882
16600000,-4.1281940954220522,-3.3018161975954667
16800000,-0.2832573925102041,0.54312493119009519
17000000,-40.181951709452548,-39.351955952512505
17200000,-0.94110850873961271,-0.11472927196419497
17400000,-5.4443243709325815,-4.617936307660063
17600000,-5.7651996477126222,-4.9388232845925479
17800000,-1.9043522146337124,-1.0779691971127185
18000000,-41.787532561256796,-40.95757162828869
18200000,-2.5316404108844894,-1.7052598581693743
18400000,-7.0201693826286959,-6.1937786989852084
18600000,-7.3267416137109951,-6.5003685990066362
18800000,-3.4519610338099578,-2.6255777127610012
19000000,-43.321417878644951,-42.491564771672365
19200000,-4.0524559788390482,-3.2260772991172431
19400000,-8.5281018461826026,-7.7017056587360466
19600000,-8.8221064427050795,-7.9957445439422266
19800000,-4.9351102485160494,-4.1087222166335966
20000000,-44.366612536521956,-43.962530974336318
20200000,-5.5120632970256782,-4.6856735430545324
20400000,-9.9763475786763429,-9.149977549033272
20600000,-10.259381239928908,-9.4329899458413529
20800000,-6.361582437504671,-5.5352019675657003
21000000,-46.208609976637057,-45.378770403014911
21200000,-6.9178391914042967,-6.091457574498861
21400000,-11.372179304564909,-10.545797137810244
21600000,-11.645496723074583,-10.819112897937371
21800000,-7.7382509917178419,-6.9118695795608911
22000000,-47.576409501127522,-46.746390395340818
22200000,-8.2763220583874677,-7.4499410293172517
22400000,-12.721923466314735,-11.895538933874636
22600000,-12.986719027340181,-12.160337308117814
22800000,-9.0711789131089322,-8.2447961472369578
23000000,-48.901031114189564,-48.07096779958048
23200000,-9.593318821871252,-8.766938033766321
23400000,-14.031265397170522,-13.204880496485512
23600000,-14.288619985426099,-13.4622412990835
23800000,-10.365835309268865,-9.539454123091188
24000000,-50.188525119122716,-49.358684387339054
24200000,-10.874078773229938,-10.047697831294455
24400000,-15.305367899987781,-14.478981502630482
24600000,-15.556264662774124,-14.729886656744233
24800000,-11.627194911936753,-10.800813091028553
25000000,-51.444267150915763,-50.614157435645019
25200000,-12.123424292986867,-11.29704332281378
25400000,-16.548977798482859,-15.722594911706114
25600000,-16.794307743755802,-15.967936236088445
25800000,-12.859853179827779,-12.033470557683
26000000,-52.671719275970929,-51.84189623569614
26200000,-13.345827425383845,-12.519450185002929
26400000,-17.766508395887097,-16.94012229665017
26600000,-18.00712207564764,-17.180749684846777
26800000,-14.06812624993826,-13.241745029064143
27000000,-53.874790774441827,-53.044965740528475
27200000,-14.545498894522487,-13.719121365859788
27400000,-18.962116922662165,-18.135739342847963
27600000,-19.198853034449787,-18.372479925476647
27800000,-15.256123722687162,-14.429739467431467
28000000,-55.060000932722097,-54.22991793955886
28200000,-15.726506928812555,-14.900122134134314
28400000,-20.13985411038604,-19.313469246670127
28600000,-20.373500522874419,-19.547127151473592
28800000,-16.427825655095806,-15.601438167894583
29000000,-56.22905086345078,-55.398870758275024
29200000,-16.892805080813641,-16.066420846234202
29400000,-21.303694082783728,-20.477294807159939
29600000,-21.534994749341966,-20.708630463153611
29800000,-17.587185382586711,-16.760792086641501
30000000,-56.959670402452325,-56.556066085834217
30200000,-18.048325984424046,-17.221937718792571
30400000,-22.457512329483713,-21.631141051177686
30600000,-22.687347635966564,-21.860953462012745
30800000,-18.738144216841278,-17.911766115689534
31000000,-58.535015178814909,-57.704414574972375
31200000,-19.197067658738828,-18.370687442441255
31400000,-23.605413466942661,-22.779037364643543
31600000,-23.834543747088013,-23.008159842602389
31800000,-19.884822952820596,-19.058446994464767
32000000,-59.682804013749646,-58.852591333660804
32200000,-20.343218114521161,-19.516839420483958
32400000,-24.751548085862289,-23.925160467977797
32600000,-24.98085359767763,-24.15447657877948
32800000,-21.03150655463034,-20.205117054245253
33000000,-60.830138598458412,-59.998985008057488
33200000,-21.491180764784087,-20.66478681439532
33400000,-25.900440223233122,-25.074051948689153
33600000,-26.130851965445121,-25.304466807594373
33800000,-22.182796863219863,-21.356409700983555
34000000,-61.982030819141343,-61.15182556573177
34200000,-22.645721085455371,-21.819346558717903
34400000,-27.05692370666597,-26.230527806001152
34600000,-27.289485152870384,-26.463102698688388
34800000,-23.343832205850305,-22.517439865165709
35000000,-63.145333587308471,-62.315922884042124
35200000,-23.812172775657643,-22.985796340887671
35400000,-28.226451898041219,-27.400064797757384
35600000,-28.462374818253608,-27.636006888470202
35800000,-24.520303461652095,-23.693923276108212
36000000,-64.325919718931374,-63.496880371943867
36200000,-24.996634166468628,-24.17024288706337
36400000,-29.415319048578056,-28.588917182471462
36600000,-29.655894369316862,-28.829519595525163
36800000,-25.718816334961673,-24.892426634406721
37000000,-65.529338912104734,-64.699585257934601
37200000,-26.20611140961925,-25.379720573913108
37400000,-30.63073513407781,-29.804375989263132
37600000,-30.877644569581175,-30.05124157736816
37800000,-26.947218825076547,-26.120842521061292
38000000,-66.76432895614073,-65.93513786440937
38200000,-27.449006347982433,-26.62261820898199
38400000,-31.881502927220048,-31.055118600327106
38600000,-32.136722273620741,-31.310339874174616
38800000,-28.215032923359814,-27.388648727450761
39000000,-68.042981691380518,-67.212293740102126
39200000,-28.735658616239373,-27.909278048019218
39400000,-33.17841614705776,-32.351987964746414
39600000,-33.444331366370456,-32.617964781058205
39800000,-29.534020510526577,-28.707623840401251
40000000,-68.946215888986885,-68.5427374733965
40200000,-30.079096755639455,-29.252698846523664
40400000,-34.535036089138494,-33.708662098160318
40600000,-34.814913391835333,-33.988530054790232
40800000,-30.919225675421551,-30.092860984052322
41000000,-70.775165487799256,-69.945367873834158
41200000,-31.496189042759877,-30.669821832502741
41400000,-35.969375834245774,-35.14300566558498
41600000,-36.2673049356004,-35.440979728813474
41800000,-32.390858298118793,-31.56448885897133
42000000,-72.262521830050005,-71.433958308622607
42200000,-33.009511470573692,-32.183143696597803
42400000,-37.505353947934495,-36.679004848043711
42600000,-37.827485216362,-37.001120148746821
42800000,-33.976456386435785,-33.150071994241003
43000000,-73.880525242933274,-73.0533395231474
43200000,-34.650841026926557,-33.824471885616944
43400000,-39.177198129314704,-38.350845465972853
43600000,-39.531854339199491,-38.705537091703484
43800000,-35.715579299267368,-34.889237181513607
44000000,-75.660230014321854,-74.830739077683944
44200000,-36.466680341807411,-35.640344703602217
44400000,-41.03569214041849,-40.209324277512799
44600000,-41.435694441258391,-40.609288691713559
44800000,-37.668534604640016,-36.842189450816193
45000000,-77.657801835916359,-76.828947917130918
45200000,-38.529763534334208,-37.703421211077092
45400000,-43.160723187501958,-42.334350322919263
45600000,-43.628018013282485,-42.801674941139936
45800000,-39.934327564073982,-39.107967942425326
46000000,-80.00076790487168,-79.17873362205323
46200000,-40.96380138447568,-40.13739560267841
46400000,-45.691796571618603,-44.865454764387671
46600000,-46.266893914216851,-45.44066818989382
46800000,-42.692816654304096,-41.866503983606904
47000000,-82.905393531258341,-82.080281030319412
47200000,-44.007255980421476,-43.180922937187567
47400000,-48.906502845657215,-48.080189137811509
47600000,-49.677451570415165,-48.851072907575713
47800000,-46.33002124486314,-45.503559203267237
48000000,-86.802423875246731,-85.967128881730417
48200000,-48.22248300535562,-47.39601024661907
48400000,-53.498737251614997,-52.672023325620742
48600000,-54.730722566730066,-53.9046952174822
48800000,-51.964297326085109,-51.137857443572507
49000000,-93.170695097699365,-92.334662685506117
49200000,-55.630026009916008,-54.803674899104962
49400000,-62.37914826630945,-61.552377257444974
49600000,-65.969974621783564,-65.143944450852473
49800000,-67.883504796642185,-67.056478443538708
50000000,-132.31818388965888,-131.70659583856627
50200000,-68.023801072929061,-67.196606080333268
50400000,-66.249810767404284,-65.423489662787773
50600000,-62.796417891071187,-61.970434116403851
50800000,-56.185813292496633,-55.359441222149179
51000000,-93.85327185605783,-93.025876260855966
51200000,-52.798356652618359,-51.97194133199212
51400000,-55.703982078667309,-54.877499242133247
51600000,-54.611001248774869,-53.784546013387683
51800000,-49.473751410281437,-48.647354240622029
52000000,-88.190330204471906,-87.367322183050007
52200000,-47.859702948732838,-47.03337256907944
52400000,-51.346390685916447,-50.520169826334978
52600000,-50.715435555258182,-49.88893570171723
52800000,-45.955037259937576,-45.128659508974458
53000000,-84.991739080099251,-84.158319220837654
53200000,-44.919489810134074,-44.093033095564394
53400000,-48.63315820657035,-47.806723077283308
53600000,-48.197698085511782,-47.371346291272388
53800000,-43.60939085048183,-42.782996416507181
54000000,-82.79310492979404,-81.965129516927021
54200000,-42.859779053889675,-42.03336617478967
54400000,-46.693584267480148,-45.867185488363269
54600000,-46.366124022626778,-45.539705325939565
54800000,-41.8754732915015,-41.049046147454519
55000000,-81.141215822830077,-80.314050927851909
55200000,-41.295041766804658,-40.468621640033305
55400000,-45.202713032281984,-44.376366624113516
55600000,-44.943422973601919,-44.117079678718945
55800000,-40.515272325521522,-39.688831250859209
56000000,-79.843097772003844,-79.016765268783246
56200000,-40.046112291629697,-39.219637260294469
56400000,-44.003537054188449,-43.177100558246707
56600000,-43.790463260363175,-42.964060016769345
56800000,-39.40545519827964,-38.579068831687131
57000000,-78.774460730672587,-77.943754395560973
57200000,-39.014598818559804,-38.188218914516256
57400000,-43.007576788127928,-42.181222269003783
57600000,-42.827640788040853,-42.001244950049738
57800000,-38.474100727091326,-37.647724711363104
58000000,-77.867024651767707,-77.03925578422529
58200000,-38.140745226411646,-37.314379962827104
58400000,-42.160122488373979,-41.333748341584709
58600000,-42.005189840708226,-41.178817402838071
58800000,-37.675426240968797,-36.848976036112376
59000000,-77.095134231115111,-76.262758683153223
59200000,-37.385678649837956,-36.559276181318758
59400000,-41.425310190673969,-40.59894200576872
59600000,-41.289630538095714,-40.463290121523613
59800000,-36.978117933833495,-36.15174374969699
60000000,-75.990000777131968,-75.589050226351787
60200000,-36.722495082290017,-35.896154202441657
60400000,-40.777944997844401,-39.951639062910893
60600000,-40.657412335967905,-39.831062619455984
60800000,-36.360372174718592,-35.533986747830738
61000000,-75.815677008611644,-74.984940388053374
61200000,-36.131823817910643,-35.305449913433769
61400000,-40.200024791195133,-39.373620640843129
61600000,-40.091459563323106,-39.265051328004674
61800000,-35.805985610353922,-34.979586516323558
62000000,-75.2668642723267,-74.435505362987854
62200000,-35.599189965365248,-34.772803584127296
62400000,-39.677505933828257,-38.851142833711677
62600000,-39.578886131319827,-38.752486595603685
62800000,-35.302775465517058,-34.476403167186078
63000000,-74.775365986009191,-73.945411715875437
63200000,-35.113577143119784,-34.287194689414122
63400000,-39.200191586826641,-38.373836942044001
63600000,-39.109549622470261,-38.283185541716072
63800000,-34.841109518999836,-34.014718331306199
64000000,-74.323869143466496,-73.494057623758792
64200000,-34.666369926434569,-33.839980266017164
64400000,-38.759846625807413,-37.933456346983299
64600000,-38.675593108028544,-37.849214591055862
64800000,-34.413462022431091,-33.587060822274161
65000000,-73.899427264947889,-73.069123978834199
65200000,-34.250586203452478,-33.424221648824556
65400000,-38.34961375397959,-37.52321223614328
65600000,-38.270731026061284,-37.444345193633787
65800000,-34.013724220811518,-33.187350199909346
66000000,-73.503233205648101,-72.673160410628654
66200000,-33.860438023795354,-33.034085176300287
66400000,-37.96397112203833,-37.137619310908534
66600000,-37.889578035906652,-37.063219845456715
66800000,-33.636731295863299,-32.810367380146594
67000000,-73.133543296660562,-72.302730461864343
67200000,-33.491310317431584,-32.664940779290234
67400000,-37.598530909460216,-36.772162056072929
67600000,-37.527628638979081,-36.701241640632048
67800000,-33.278178284966501,-32.451787881663655
68000000,-72.778951689921968,-71.94897694203037
68200000,-33.139145013265875,-32.312754935152796
68400000,-37.249343398441894,-36.422975721375487
68600000,-37.181159805819036,-36.354769995968176
68800000,-32.934392981729815,-32.108006097901495
69000000,-72.435192789303272,-71.606205842238325
69200000,-32.800374321877584,-31.97399586048903
69400000,-36.912860441210839,-36.0864589005364
69600000,-36.846924788794347,-36.020542306843524
69800000,-32.602270200552454,-31.775880847214019
70000000,-71.67746300549716,-71.273142332335226
70200000,-32.471992834013875,-31.64560292603618
70400000,-36.586216908576191,-35.759848976071524
70600000,-36.522024577619618,-35.695633650107645
70800000,-32.278822367342769,-31.45244061034747
71000000,-71.783741457969867,-70.954988459807453
71200000,-32.151325641477243,-31.3249376097531
71400000,-36.266803425985344,-35.440427476827743
71600000,-36.203655756304023,-35.377265427793205
71800000,-31.961523669418241,-31.135132395074727
72000000,-71.467047564232885,-70.638072161241638
72200000,-31.835828132613194,-31.009439279203917
72400000,-35.952077651957723,-35.125695571112544
72600000,-35.889522672166642,-35.063130933854673
72800000,-31.648005621310965,-30.821622339366279
73000000,-71.152194085189279,-70.321896649238184
73200000,-31.52316981815013,-30.696786755601167
73400000,-35.639705962104536,-34.813322903571247
73600000,-35.577461184796221,-34.751085184217203
73800000,-31.336052341867976,-30.509669099064819
74000000,-70.841553395400055,-70.010825986578979
74200000,-31.211201040039139,-30.384817697740395
74400000,-35.327622838765862,-34.501228150441506
74600000,-35.265188522572636,-34.438809783388955
74800000,-31.02347900333022,-30.197095873354996
75000000,-70.530584973144684,-69.700107369974049
75200000,-30.897847384789468,-30.071464696165819
75400000,-35.013739410423973,-34.187348751996723
75600000,-34.950625637678286,-34.124237113441986
75800000,-30.708226566359276,-29.881843440924371
76000000,-70.21355765891208,-69.38338500326806
76200000,-30.580974274939994,-29.754593511255685
76400000,-34.695896471174322,-33.869520387798417
76600000,-34.631773619178425,-33.805391313771672
76800000,-30.388250236021204,-29.561869825257187
77000000,-69.890694853254814,-69.06051009825201
77200000,-30.258467473373788,-29.432084618673411
77400000,-34.372015082859988,-33.54562935655494
77600000,-34.306487192174345,-33.480115423204097
77800000,-30.061404862477502,-29.235028219688971
78000000,-69.562767451862413,-68.73321312505432
78200000,-29.928243234565109,-29.10187419518547
78400000,-34.039974114178911,-33.213593379929065
78600000,-33.972542092771484,-33.146159959838279
78800000,-29.725458156669049,-28.899075915695693
79000000,-69.226837449550601,-68.395942083469436
79200000,-29.588064073037927,-28.761684055834266
79400000,-33.697525169058899,-32.87113805994575
79600000,-33.627648963684244,-32.801276650861411
79800000,-29.378111406009634,-28.551725983235109
80000000,-68.448769433042017,-68.044627632490617
80200000,-29.235487876362967,-28.409100525531645
80400000,-33.342123313192566,-32.515764167958274
80600000,-33.269438600977907,-32.44303853785344
80800000,-29.016867592923425,-28.190490035201229
81000000,-68.510102529775295,-67.679713086724789
81200000,-28.867878568539076,-28.04149986105498
81400000,-32.971187941435126,-32.144811720409045
81600000,-32.895079168123438,-32.068696794195965
81800000,-28.638929554550849,-27.812550498832952
82000000,-68.130027639681771,-67.299897110828397
82200000,-28.482416277186914,-27.656035174642149
82400000,-32.58177058244015,-31.755397795469122
82600000,-32.501547150308497,-31.675158057272292
82800000,-28.241181000146611,-27.414801686515524
83000000,-67.727989076150536,-66.898203344821269
83200000,-28.075831239235033,-27.249449640937911
83400000,-32.170531177875553,-31.344152793245325
83600000,-32.085462840491054,-31.259090111823543
83800000,-27.820128176983552,-26.99374691465183
84000000,-67.300245366140658,-66.47011702029603
84200000,-27.644346069330897,-26.817961087663804
84400000,-31.733549953566044,-30.90717274745705
84600000,-31.64288669029154,-30.81649666780757
84800000,-27.37169383313018,-26.545316325280606
85000000,-66.84610173936646,-66.016069559272566
85200000,-27.1836221419453,-26.357243738550519
85400000,-31.266381764572387,-30.440006431516341
85600000,-31.169108600268562,-30.342724294576865
85800000,-26.891033502317491,-26.064655712015345
86000000,-66.359592981935208,-65.529357696328546
86200000,-26.688537060680325,-25.862155875178281
86400000,-30.763723692341109,-29.937338456234603
86600000,-30.658565203420068,-29.832175274498738
86800000,-26.372375257410575,-25.54599366688052
87000000,-65.831804199483855,-65.001779974433305
87200000,-26.152827622225576,-25.326442430741171
87400000,-30.219003592962647,-29.392625010076166
87600000,-30.104548330904514,-29.278162268405431
87800000,-25.808707316417859,-24.982327549303385
88000000,-65.257044601665399,-64.427038440786262
88200000,-25.568801835088259,-24.742419959821529
88400000,-29.624221872434031,-28.797843826562229
88600000,-29.498683378038464,-28.672298743052988
88800000,-25.191268116470034,-24.364886250054919
89000000,-64.628413501546817,-63.798431557475759
89200000,-24.926875943091105,-24.100494624788688
89400000,-28.969334374866879,-28.142945137672889
89600000,-28.830320463938932,-28.003949341240258
89800000,-24.508885428991217,-23.682496689211607
90000000,-63.506242658743247,-63.102182562275424
90200000,-24.214718463366008,-23.388331650131548
90400000,-28.241282623003752,-27.414927755367952
90600000,-28.08578482216118,-27.259387768411131
90800000,-23.747042912077095,-22.920667295725043
91000000,-63.151452354410161,-62.32153627938105
91200000,-23.416014842746989,-22.589632781341304
91400000,-27.422847797285527,-26.596479782521225
91600000,-27.246716177761449,-26.420325388103649
91800000,-22.886307493391907,-22.059930923370924
92000000,-62.267717867467731,-61.437782752062418
92200000,-22.50868204877785,-21.682299857125859
92400000,-26.490388881101104,-25.664019294239658
92600000,-26.287910381889496,-25.461518881778925
92800000,-21.899623748057824,-21.073246732330134
93000000,-61.252424397318606,-60.422505495841591
93200000,-21.461572833014909,-20.635192021135232
93400000,-25.410394190757554,-24.584025983582016
93600000,-25.173133406850813,-24.346744230323466
93800000,-20.74784687464339,-19.921470290322386
94000000,-60.061490222443119,-59.231415653536686
94200000,-20.228646605730091,-19.402265051670874
94400000,-24.132732958411296,-23.306364598567498
94600000,-23.847728869012784,-23.021337166408749
94800000,-19.371153816809411,-18.544778249922665
95000000,-58.629022125405818,-57.798994291204913
95200000,-18.737597784709322,-17.911216935006777
95400000,-22.57753422923593,-21.751170307063834
95600000,-22.223229700055573,-21.396837201482576
95800000,-17.671101629151845,-16.844728704516861
96000000,-56.846771151013684,-56.016761570185906
96200000,-16.86505213316552,-16.038672891914626
96400000,-20.605699817378522,-19.779342125413486
96600000,-20.141980665392243,-19.315587378022677
96800000,-15.467975636856945,-14.641607796921356
97000000,-54.508005378726281,-53.678007149589121
97200000,-14.372943630864039,-13.546568373676342
97400000,-17.940059407330612,-17.113714740001377
97600000,-17.278581351242231,-16.452188840365338
97800000,-12.375832353406853,-11.549476203074061
98000000,-51.14902851028824,-50.319029429989484
98200000,-10.698932564199417,-9.8725708165195893
98400000,-13.88673079497284,-13.060422230424953
98600000,-12.761687785832088,-11.935307716112645
98800000,-7.2751781267273854,-6.4488711370532625
99000000,-45.291615349691277,-44.461686273550818
99200000,-3.817158988210982,-2.9908998317986542
99400000,-5.5220417967849453,-4.6960105654120206
99600000,-2.0212558064674497,-1.1952817948278895
99800000,8.2538457850506219,9.077919175778602
100000000,-145.39633485408737,-144.55789904495839
100200000,8.1843585661850167,9.0084319562071471
100400000,-2.1602308637537599,-1.3342568511287691
100600000,-5.730505553938765,-4.9044743117567631
100800000,-4.095113240994114,-3.2688540699022486
101000000,-45.639058606733215,-44.809133086547568
101200000,-7.6921209752243955,-6.865813972664113
101400000,-13.248129295021158,-12.421749323756794
101600000,-14.442675215238094,-13.616366597349625
101800000,-11.324384144253978,-10.498022392580527
102000000,-51.843957494426334,-51.013958770460803
102200000,-13.140313333736955,-12.313957154972215
102400000,-18.112585961926907,-17.286193842281385
102600000,-18.843596202810392,-18.017251429451871
102800000,-15.346018288380135,-14.519643172238192
103000000,-55.550653455373819,-54.720624572948367
103200000,-16.580148917100693,-15.753780881844863
103400000,-21.323717111538873,-20.49732421687963
103600000,-21.857007418961956,-21.030650190799459
103800000,-18.185942427216716,-17.359563446855088
104000000,-58.237302067891648,-57.40728544344779
104200000,-19.131190796551383,-18.304818604978859
104400000,-23.752934970601125,-22.926542474408631
104600000,-24.176865680021965,-23.35050286865286
104800000,-20.406570082840439,-19.580189586915473
105000000,-60.367502353727915,-59.537511061125564
105200000,-21.179448965534448,-20.353074896620935
105400000,-25.725706816779784,-24.899315440237896
105600000,-26.080410396571537,-25.254044241506016
105800000,-22.246038669591663,-21.41965737765539
106000000,-62.148540057866903,-61.318546306038485
106200000,-22.904712679923264,-22.078336946680022
106400000,-27.399763587105102,-26.573371220146512
106600000,-27.706811172422793,-26.880443216310578
106800000,-23.827786808589607,-23.001404351657552
107000000,-63.688645895038022,-62.858611877550075
107200000,-24.405496957578553,-23.579120384404227
107400000,-28.863644101588413,-28.037254808252921
107600000,-29.135998561063641,-28.309630664664365
107800000,-25.224192569299689,-24.397810317627979
108000000,-65.053017332741192,-64.222942920657985
108200000,-25.741691573823225,-24.91531504292524
108400000,-30.172072576189322,-29.345681551266711
108600000,-30.418192083766389,-29.591821946860168
108800000,-26.481379543760575,-25.654996261358708
109000000,-66.286839370935667,-65.456659740651801
109200000,-26.952513334694626,-26.126135331230216
109400000,-31.361343168800762,-30.534943175638162
109600000,-31.586976599419309,-30.760618386118395
109800000,-27.630556225086448,-26.804168217157262
110000000,-66.992676138713549,-66.588498535950336
110200000,-28.065093208164136,-27.238704390716396
110400000,-32.456763090986207,-31.630389792555732
110600000,-32.666037361034995,-31.839652228198922
110800000,-28.693868140051968,-27.867486969123497
111000000,-68.466385128372465,-67.63628379179184
111200000,-29.09894646494195,-28.272566082728716
111400000,-33.476755274477782,-32.650371938134995
111600000,-33.672691979589835,-32.846310138139472
111800000,-29.687722507024926,-28.861339932211504
112000000,-69.445908964421861,-68.615929703494558
112200000,-30.068643247457231,-29.242262683697827
112400000,-34.435031025534165,-33.60864610205914
112600000,-34.620086038430159,-33.793707556244733
112800000,-30.624533901217831,-29.798154498403939
113000000,-70.374099774049739,-69.54399360182633
113200000,-30.985434510048108,-30.159056237165935
113400000,-35.342354918631912,-34.515968528503983
113600000,-35.518307975326991,-34.691933622658333
113800000,-31.5139401037327,-30.687556921512027
114000000,-71.256800497609632,-70.42711077199337
114200000,-31.858189129065838,-31.031804720113097
114400000,-36.207205128211363,-35.380818889870127
114600000,-36.37544263516412,-35.549063235254316
114800000,-32.363706268018099,-31.537321066575302
115000000,-72.097545417411069,-71.267608274627662
115200000,-32.693975282472223,-31.867591671383106
115400000,-37.036318358106143,-36.209934677537568
115600000,-37.198160914074016,-36.371780393454038
115800000,-33.180194930957384,-32.353818504628869
116000000,-72.905867334518732,-72.075620585835139
116200000,-33.498604361471855,-32.672226530629501
116400000,-37.835328794613723,-37.008934884345109
116600000,-37.99184354182421,-37.165470154719202
116800000,-33.968618605063071,-33.142234182137457
117000000,-73.692947541677654,-72.863156756363566
117200000,-34.27705208861758,-33.450676156049752
117400000,-38.609076952882639,-37.78267931389658
117600000,-38.760991045471911,-37.934604022990769
117800000,-34.733362011498443,-33.906969682781451
118000000,-74.45334261800177,-73.623357805792025
118200000,-35.033506555769335,-34.207127648992682
118400000,-39.361571305034751,-38.535172723056455
118600000,-39.509573630592016,-38.683197036288838
118800000,-35.478272590643869,-34.651889872764272
119000000,-75.191221898360382,-74.361780565585619
119200000,-35.771459861827033,-34.9450860703896
119400000,-40.096207434185011,-39.269810208847808
119600000,-40.241131181989907,-39.414769328167708
119800000,-36.206777156730126,-35.380397565882269
120000000,-75.490247688134374,-75.086669547381575
120200000,-36.494155412164126,-35.667764757388355
120400000,-40.816145920495011,-39.989781445791451
120600000,-40.958628121682921,-40.132221391862252
120800000,-36.921752361650732,-36.095364983659316
121000000,-76.633043374366139,-75.803041024641729
121200000,-37.204508859076157,-36.378121172036771
121400000,-41.524392967733164,-40.697997020560244
121600000,-41.664678835687916,-40.838294404337852
121800000,-37.625865549579196,-36.799470755383453
122000000,-77.334265907702175,-76.504881186299855
122200000,-37.905079407439366,-37.078694959472294
122400000,-42.22331725113775,-41.39692828147416
122600000,-42.361937039302163,-41.535556002672806
122800000,-38.321697160200351,-37.495314256960178
123000000,-78.02414174380695,-77.194140223477859
123200000,-38.598217403337905,-37.7718233134526
123400000,-42.915216662698683,-42.08883738610497
123600000,-43.052926115989401,-42.226537170790976
123800000,-39.011623219628994,-38.185240552221394
124000000,-78.716695475623197,-77.8860845308226
124200000,-39.286292864727692,-38.459905335355998
124400000,-43.602551814612397,-42.776147046947337
124600000,-43.739628791878751,-42.913256147504825
124800000,-39.697745060305124,-38.871353508952886
125000000,-79.406611115245283,-78.576971217939075
125200000,-39.971592386845217,-39.145203667120015
125400000,-44.287547416333766,-43.461178274010607
125600000,-44.42425334620799,-43.597887134909435
125800000,-40.382238788093787,-39.55584779745093
126000000,-80.087101020814771,-79.256914109495455
126200000,-40.656192623727698,-39.829817199381182
126400000,-44.972304774206606,-44.145937039537046
126600000,-45.1091705960865,-44.282811379634055
126800000,-41.067483498581481,-40.241110971472409
127000000,-80.766919305833724,-79.938353227606342
127200000,-41.342198740680047,-40.515829033273114
127400000,-45.658793385305685,-44.83243693027358
127600000,-45.796602980676425,-44.970246287481245
127800000,-41.755622023336926,-40.929230297780549
128000000,-81.461881493082416,-80.631334387985191
128200000,-42.032003309568523,-41.205629447611713
128400000,-46.349688387296965,-45.523305972406263
128600000,-46.488482870545944,-45.662125325452863
128800000,-42.448746062617566,-41.622360541727161
129000000,-82.163388082630007,-81.331883155859046
129200000,-42.728036109628313,-41.901647445063695
129400000,-47.047293087163247,-46.220879728570658
129600000,-47.18739595073194,-46.361078030112651
129800000,-43.149449794442127,-42.323054991331531
130000000,-82.429244066521306,-82.026677366607998
130200000,-43.432532783464239,-42.606161275536849
130400000,-47.753696917824293,-46.927319526808461
130600000,-47.89616986525693,-47.069826722493616
130800000,-43.860451031756604,-43.034047406514411
131000000,-83.565611663064004,-82.733348268052282
131200000,-44.14817519101949,-43.321785385257677
131400000,-48.471906532961064,-47.645549625036743
131600000,-48.617436007459993,-47.791049730840683
131800000,-44.584387810188943,-43.758045059638363
132000000,-84.305330334319422,-83.472244061155749
132200000,-44.878190144610983,-44.051813520487272
132400000,-49.205262022907057,-48.378923510936964
132600000,-49.353893450987073,-48.527514471075762
132800000,-45.324439456140617,-44.498046556243324
133000000,-85.05017884049407,-84.218091860225172
133200000,-45.625908673979716,-44.799509393660692
133400000,-49.956953087216988,-49.130591376730976
133600000,-50.109368540577719,-49.283046264232659
133800000,-46.084266601328856,-45.257899454769898
134000000,-85.798957947150342,-84.968092948629206
134200000,-46.394767106760725,-45.568363167279216
134400000,-50.730508578397682,-49.904100451011253
134600000,-50.888326076897037,-50.061929402311023
134800000,-46.868330307068796,-46.041916764783359
135000000,-86.594508863994093,-85.767059067851577
135200000,-47.189444040769722,-46.363078349524727
135400000,-51.530927868919335,-50.704555903866179
135600000,-51.694852042037446,-50.86849515743129
135800000,-47.681091755196604,-46.854680237587097
136000000,-87.423450235742891,-86.599750254143999
136200000,-48.015428306189776,-47.189018429575995
136400000,-52.363973329760078,-51.537565999563732
136600000,-52.534619144823857,-51.708156710454112
136800000,-48.528244622047566,-47.701862068134488
137000000,-88.269942708400379,-87.442049201297763
137200000,-48.878676347438343,-48.052333383493753
137400000,-53.235506309780561,-52.409110806800797
137600000,-53.414860629720266,-52.588393604538169
137800000,-49.41749703742137,-48.591126727507273
138000000,-89.154931997192875,-88.331850603625213
138200000,-49.786759670543141,-48.960368430582463
138400000,-54.153626146083205,-53.327178815901874
138600000,-54.343929846878353,-53.517510922258467
138800000,-50.35749404825318,-49.531077165432848
139000000,-90.122792688444491,-89.292840320419415
139200000,-50.7496451900548,-49.923290378800388
139400000,-55.128918720275813,-54.302469771594431
139600000,-55.332098917211027,-54.505736414265193
139800000,-51.359062273558209,-50.532625738761688
140000000,-90.727688606639191,-90.325809228951073
140200000,-51.78010493335718,-50.953635874305604
140400000,-56.174706235660395,-55.348320974157147
140600000,-56.39299580584823,-55.566575944410069
140800000,-52.436749349153963,-51.610355699700364
141000000,-92.223152858611215,-91.392664416256764
141200000,-52.893740093342814,-52.067459870789527
141400000,-57.307561050508291,-56.481110242360764
141600000,-57.545998833279782,-56.719727505490269
141800000,-53.610891670542891,-52.784448569336256
142000000,-93.40813750279753,-92.575609860378279
142200000,-54.112814413280425,-53.286419608140896
142400000,-58.550758689017471,-57.724237540200591
142600000,-58.816100804926251,-57.989646250909892
142800000,-54.908088652054246,-54.081660489927145
143000000,-94.766629049836681,-93.940188420059741
143200000,-55.469012390242767,-54.64264821898265
143400000,-59.939460746952129,-59.113244287219324
143600000,-60.238572479657897,-59.412223690709816
143800000,-56.366756563567492,-55.540499354106608
144000000,-96.275619934808546,-95.452319897395327
144200000,-57.008696879855123,-56.182405870196391
144400000,-61.523583546319365,-60.697242934931744
144600000,-61.868394984935748,-61.042205371537783
144800000,-58.047735780874838,-57.221508953440583
145000000,-97.953923293570682,-97.132434347011952
145200000,-58.802949391695243,-57.976752660917114
145400000,-63.380998499801386,-62.554788677953368
145600000,-63.796227490179227,-62.969785669598224
145800000,-60.050246864166567,-59.223852321312044
146000000,-100.03893596749458,-99.211720615837677
146200000,-60.975569187513855,-60.149255606610517
146400000,-65.651848321751288,-64.825515293862779
146600000,-66.177594241128844,-65.351708404239659
146800000,-62.552139835035149,-61.725869780537479
147000000,-102.74803003590085,-101.93559550775217
147200000,-63.765597929334426,-62.939361005178696
147400000,-68.615489523160818,-67.78915485187315
147600000,-69.336014241800484,-68.509722110951373
147800000,-65.939022756569315,-65.11260073341181
148000000,-106.35685426113213,-105.54296561884544
148200000,-67.735483004872805,-66.909418227050395
148400000,-72.963917342098171,-72.137636394776479
148600000,-74.145111065601185,-73.318894055909297
148800000,-71.330873649769885,-70.50436891681494
149000000,-112.32857374787037,-111.47987585337431
149200000,-74.902082249914002,-74.076020317496116
149400000,-81.601921487993835,-80.774768676835492
149600000,-85.152513962220752,-84.326899044216219
149800000,-87.023235725000234,-86.194926738044714
150000000,-142.43015383436662,-141.84828953426029
150200000,-87.072116523539819,-86.246313972454828
150400000,-85.246823063989083,-84.420549889681041
150600000,-81.737740554587234,-80.911390737119305
150800000,-75.087370905071481,-74.260018087366703
151000000,-112.56109992815686,-111.69178245770348
151200000,-71.608562486015558,-70.781923184935124
151400000,-74.469172487431152,-73.64276892186129
151600000,-73.334998635131342,-72.509087890586429
151800000,-68.15229437579697,-67.325613614484695
152000000,-106.86626210655839,-106.02448491838557
152200000,-66.448980078628168,-65.622568877907113
152400000,-69.891464956315104,-69.064943254479886
152600000,-69.21833680010144,-68.391942610254347
152800000,-64.414370209871208,-63.587964388759147
153000000,-103.49078296218472,-102.64110247311466
153200000,-63.293679661935926,-62.467308535923074
153400000,-66.965335435451564,-66.138683352100074
153600000,-66.486127020861176,-65.659690370572036
153800000,-61.855956842264135,-61.029379901019418
154000000,-100.98183632062033,-100.15245303728966
154200000,-61.023401171375021,-60.197177990144496
154400000,-64.815994576727675,-63.989394874754744
154600000,-64.446934527455554,-63.620578157633503
154800000,-59.915357003922836,-59.088958982073514
155000000,-99.106825940730573,-98.278253806118414
155200000,-59.252828673270727,-58.426373824272488
155400000,-63.119777559149128,-62.293378371619575
155600000,-62.821423243858675,-61.994868281484166
155800000,-58.352992499470524,-57.52654280231323
156000000,-97.660355662766307,-96.830023102862867
156200000,-57.803685269688579,-56.977231469217678
156400000,-61.721788893794127,-60.895253845999406
156600000,-61.469503702552295,-60.643004582398028
156800000,-57.045342656895542,-56.218823726249553
157000000,-96.38986023274245,-95.561480406663591
157200000,-56.577232496071559,-55.750881584290923
157400000,-60.531795657076415,-59.705425125599092
157600000,-60.312411575055513,-59.486148609242818
157800000,-55.921112475538067,-55.094784486938465
158000000,-95.252283034376973,-94.432675257686967
158200000,-55.512165467154489,-54.685833319464635
158400000,-59.493835960538924,-58.667363218810067
158600000,-59.301646632034561,-58.475241782464565
158800000,-54.934530111821417,-54.108098778554961
159000000,-94.303251193883057,-93.47571291634749
159200000,-54.570302333558011,-53.7438307402752
159400000,-58.573012833082601,-57.746656839383903
159600000,-58.401337296563433,-57.575054595079322
159800000,-54.053282294594645,-53.226887293103069
160000000,-93.044529521590789,-92.646281708776158
160200000,-53.725113204060129,-52.898772579168011
160400000,-57.744708960119667,-56.918391356110767
160600000,-57.588095136361162,-56.761693951110175
160800000,-53.25545882235366,-52.429062695753856
161000000,-92.675732788207554,-91.841099929217762
161200000,-52.95656062625396,-52.130210046886262
161400000,-56.989726046868299,-56.163328470525109
161600000,-56.845710154694004,-56.019299249550336
161800000,-52.525562024033874,-51.699158017005587
162000000,-91.937957830833156,-91.103030658400968
162200000,-52.249613056739257,-51.423188616274771
162400000,-56.293373133375397,-55.467140830078449
162600000,-56.160881499292358,-55.334429748963757
162800000,-51.850660190501621,-51.024289674318581
163000000,-91.288200581917195,-90.457305137297638
163200000,-51.593597469490135,-50.767156634734228
163400000,-55.646498273096583,-54.820201176711407
163600000,-55.52260554889785,-54.696292669732955
163800000,-51.220881294510534,-50.394512229080995
164000000,-90.684743057779741,-89.854843594912751
164200000,-50.980021842414786,-50.153632189409862
164400000,-55.040633599340296,-54.21424024767888
164600000,-54.92329894403305,-54.096906116574708
164800000,-50.628636149076641,-49.802228487197382
165000000,-90.075757485775398,-89.245990645055286
165200000,-50.401209621521843,-49.574831714726884
165400000,-54.468010447548593,-53.641650644019023
165600000,-54.356913381006542,-53.530612459750586
165800000,-50.068049067848577,-49.241713419699451
166000000,-89.516688181798898,-88.684450926689777
166200000,-49.851290790925262,-49.024963889713867
166400000,-53.923173224016956,-53.096876195936844
166600000,-53.817774048624536,-52.991440345177061
166800000,-49.533626849353858,-48.707304482508569
167000000,-89.000709891486451,-88.17130073876767
167200000,-49.325899204872869,-48.499547920383478
167400000,-53.402240029638691,-52.575899867846765
167600000,-53.300665984897329,-52.474276958267183
167800000,-49.020612780752934,-48.194213871049996
168000000,-88.495867751341692,-87.668067205026972
168200000,-48.820892087105172,-47.994494287687544
168400000,-52.900985027153283,-52.074594981081987
168600000,-52.802354646507553,-51.975972428261301
168800000,-48.52568918385218,-47.699308680013772
169000000,-87.992896422389634,-87.162049456500824
169200000,-48.3321927081452,-47.505826999742524
169400000,-52.415054725472238,-51.588662280255932
169600000,-52.319597155325603,-51.493278533536568
169800000,-48.045603519230625,-47.219207873636471
170000000,-87.087842835962022,-86.680708586325039
170200000,-47.856797502865646,-47.030413103858173
170400000,-51.941941528425595,-51.115563047328756
170600000,-51.849168063490573,-51.022747095746517
170800000,-47.577125816587895,-46.750727023322305
171000000,-87.060286539514067,-86.231826174061723
171200000,-47.392260677934772,-46.56587022754821
171400000,-51.479354752656555,-50.652948455466969
171600000,-51.38773019171002,-50.56134616180546
171800000,-47.117407840611179,-46.291022996689513
172000000,-86.597818914269453,-85.766108641881473
172200000,-46.935762134029943,-46.109372372685172
172400000,-51.024167922196781,-50.197767657137774
172600000,-50.933563663033055,-50.107183731948126
172800000,-46.664464106036661,-45.838042059099905
173000000,-86.132637162484102,-85.301877259137115
173200000,-46.48464887020306,-45.658265350228575
173400000,-50.573790089353594,-49.747389062371411
173600000,-50.484406839205754,-49.658047071371854
173800000,-46.215868145431216,-45.38946680236792
174000000,-85.692636081953452,-84.862596553166213
174200000,-46.036906139076777,-45.210519414260517
174400000,-50.126436395118617,-49.30002892885588
174600000,-50.03747802844039,-49.211115224730413
174800000,-45.769094802149333,-44.94272188289321
175000000,-85.254892863135382,-84.4252046689721
175200000,-45.590514350794919,-44.764136053336472
175400000,-49.680152331570852,-48.85377074995386
175600000,-49.590632348081094,-48.764242084613407
175800000,-45.322134639628686,-44.495764762900123
176000000,-84.799889407847431,-83.969841859769872
176200000,-45.143062698873983,-44.316685153657232
176400000,-49.232191084931635,-48.405821556221824
176600000,-49.142201172006388,-48.315815102745006
176800000,-44.87306350597224,-44.046678969202297
177000000,-84.343296007908918,-83.514212298167507
177200000,-44.69229539738911,-43.865916012999151
177400000,-48.780466573229134,-47.95407362969673
177600000,-48.689841016604937,-47.86348228167661
177800000,-44.419558372241326,-43.593168221946037
178000000,-83.898643101609736,-83.068031634355464
178200000,-44.236248583538298,-43.40987223465924
178400000,-48.323092738106013,-47.496703133149481
178600000,-48.230909206371422,-47.404547966777592
178800000,-43.959101732547467,-43.132735417898388
179000000,-83.44100404657425,-82.610686885307928
179200000,-43.77262087109937,-42.946238641664685
179400000,-47.857704350524983,-47.031324886507079
179600000,-47.763292878103137,-46.936916570537058
179800000,-43.489529198510823,-42.66314573934779
180000000,-82.532814783313,-82.129590162590276
180200000,-43.298746304859506,-42.472344502435874
180400000,-47.381375098454441,-46.555028238052842
180600000,-47.284747817176154,-46.458344339970743
180800000,-43.008368426175764,-42.181988957015633
181000000,-82.474601292711171,-81.643222560797255
181200000,-42.811928286157517,-41.985552022299061
181400000,-46.891638501870609,-46.065250995285901
181600000,-46.792180742826879,-45.965792680652491
181800000,-42.512590947296374,-41.686209230053819
182000000,-81.983816881284639,-81.153652691521188
182200000,-42.309451792668227,-41.483076050197084
182400000,-46.385667971452193,-45.559290150398979
182600000,-46.282343875359892,-45.455975192894968
182800000,-41.99899270045681,-41.172614600601221
183000000,-81.464981359072382,-80.63526098908369
183200000,-41.78796316345651,-40.96157952165867
183400000,-45.859922526542441,-45.033558308863995
183600000,-45.752045338294202,-44.925674692155724
183800000,-41.464155162515397,-40.637778980859565
184000000,-80.917257412036662,-80.087320402104694
184200000,-41.24344749477153,-40.417063809474627
184400000,-45.310266638572294,-44.483896577041058
184600000,-45.197388904054492,-44.370986460742628
184800000,-40.903975128098182,-40.07759704220873
185000000,-80.354484147238949,-79.524675476863493
185200000,-40.671639418131853,-39.845258741276297
185400000,-44.73240171269309,-43.90603231653504
185600000,-44.613326042352895,-43.786938574249263
185800000,-40.313385082393737,-39.487010929790671
186000000,-79.763858418739034,-78.933137175866364
186200000,-40.067437730408749,-39.241053356650383
186400000,-44.12103837241348,-43.294646655796669
186600000,-43.994284393368901,-43.16788979905651
186800000,-39.686630861246087,-38.860245476401268
187000000,-79.124847373588551,-78.294779365414811
187200000,-39.42442982743443,-38.598044685533324
187400000,-43.469380055281121,-42.642993956127093
187600000,-43.333670150689784,-42.50728134352493
187800000,-39.016742210499146,-38.190362020549372
188000000,-78.441177046139714,-77.61112325741118
188200000,-38.734830702765549,-37.908452539194826
188400000,-42.769333570795666,-41.942961013755863
188600000,-42.623043264524696,-41.796664231312846
188800000,-38.294858515168855,-37.468479480045275
189000000,-77.711487596728091,-76.881208011717661
189200000,-37.989102794103715,-37.162720926822679
189400000,-42.010998760121588,-41.184613694873875
189600000,-41.851553080579905,-41.025180749548809
189800000,-37.509684775820901,-36.683296136503266
190000000,-76.488730997909911,-76.085099637872617
190200000,-37.17489018207074,-36.348502989607859
190400000,-41.181256631547647,-40.354898501682818
190600000,-41.005534025140463,-40.179138382763426
190800000,-36.646718822646498,-35.820346860116231
191000000,-76.030133747188074,-75.200217189455174
191200000,-36.27575160335099,-35.44936977947323
191400000,-40.262696529338285,-39.436322745685139
191600000,-40.066716371494877,-39.240323816253039
191800000,-35.686549440426091,-34.860171425147655
192000000,-75.046381798852451,-74.216431572381765
192200000,-35.26956618849669,-34.443181458423787
192400000,-39.231683515373106,-38.405313972264238
192600000,-39.009756317902834,-38.183364053945418
192800000,-34.602003374343184,-33.775626544810947
193000000,-73.93634450871896,-73.106498217019734
193200000,-34.125211754329207,-33.298832049489626
193400000,-38.054774185069832,-37.228404717849664
193600000,-37.798309775986951,-36.971920508186471
193800000,-33.353879065981523,-32.527501453975937
194000000,-72.649436702493247,-71.819406198907828
194200000,-32.796592828080513,-31.970210979113482
194400000,-36.681727040119149,-35.855358143269697
194600000,-36.377774711897089,-35.551381507815648
194800000,-31.882368102400932,-31.055991818392759
195000000,-71.12053202410803,-70.290399663290813
195200000,-31.211316767107043,-30.384934825387049
195400000,-35.032581963011758,-34.206217484827341
195600000,-34.659676054408976,-33.833284435589889
195800000,-30.088996916979855,-29.262623786937802
196000000,-69.245674506989857,-68.415651142149272
196200000,-29.245999019684664,-28.419619714615646
196400000,-32.968262735540776,-32.14190531915596
196600000,-32.48624873084205,-31.659855678666386
196800000,-27.793970455548546,-26.96760274417878
197000000,-66.816469054578093,-65.986478578739934
197200000,-26.662569012383528,-25.8361938746514
197400000,-30.211590810753709,-29.385246029767789
197600000,-29.532059979556212,-28.705667149880281
197800000,-24.611324910384269,-23.784968894473909
198000000,-63.366722926525057,-62.536720313844619
198200000,-22.898623824589226,-22.072262147883478
198400000,-26.068599960369827,-25.242291383658486
198600000,-24.925776532947388,-24.099396456428799
198800000,-19.421553872102042,-18.595246915964687
199000000,-57.42008333410454,-56.590154700894082
199200000,-15.928265097201974,-15.102005944655094
199400000,-17.615591416121042,-16.789560151288889
199600000,-14.097305194601491,-13.271331192798241
199800000,-3.804752460855366,-2.9806790716701776
200000000,-145.40428967407257,-144.56858535886812
